ano;codigo_unidade_orcamentaria;nome_unidade_orcamentaria;codigo_unidade_executora;funcional_programatica;codigo_elemento_despesa;descricao_elemento_despesa;codigo_item_despesa;descricao_item_despesa;codigo_fonte_recurso;descricao_fonte_recurso;numero_empenho;data_empenho;razao_social_credor;cnpj_cpf_credor;data_liquidacao;liquidacao_sequencial;valor_despesa_liquidada;numero_op;data_registro;data_pagamento;valor_pago_financeiro;quebra_sim_nao;justificativa
"2026";"1521";"CONTROLADORIA-GERAL DO ESTADO";"1520001";"04.124.003.4303.0001";"40";"SERVICOS DE TECNOLOGIA DA INFORMACAO E COMUNICACAO -  PESSOA JURIDICA";"2";"SERVICO DE TECNOLOGIA DA INFORMACAO";"10";"RECURSOS ORDINARIOS - RECURSOS NAO VINCULADOS DE IMPOSTOS";"32";"29/01/2026";"SERVICO FEDERAL DE PROCESSAMENTO DE DADOS (SERPRO)";"33.683.111/0001-07";"04/02/2026";"1";"712,00";"32";"19/02/2026";"05/03/2026";"677,00";"NAO";""
"2026";"1521";"CONTROLADORIA-GERAL DO ESTADO";"1520001";"04.124.003.4303.0001";"40";"SERVICOS DE TECNOLOGIA DA INFORMACAO E COMUNICACAO -  PESSOA JURIDICA";"3";"SERVICO DE INFORMATICA EXECUTADO PELA PRODEMGE";"10";"RECURSOS ORDINARIOS - RECURSOS NAO VINCULADOS DE IMPOSTOS";"31";"29/01/2026";"COMPANHIA DE TECNOLOGIA DA INFORMACAO DO ESTADO DE MINAS GERAIS-PRODEM";"16.636.540/0001-04";"12/02/2026";"1";"126,00";"33";"19/02/2026";"24/02/2026";"126,00";"SIM";"O pagamento foi efetuado no primeiro dia útil posterior ao vencimento, tendo em vista que 22/02/2026 ocorreu em final de semana e o SIAFI não realiza programação de pagamentos sem transmissão bancária."
"2026";"1521";"CONTROLADORIA-GERAL DO ESTADO";"1520001";"04.124.001.4304.0001";"40";"SERVICOS DE TECNOLOGIA DA INFORMACAO E COMUNICACAO -  PESSOA JURIDICA";"3";"SERVICO DE INFORMATICA EXECUTADO PELA PRODEMGE";"10";"RECURSOS ORDINARIOS - RECURSOS NAO VINCULADOS DE IMPOSTOS";"29";"29/01/2026";"COMPANHIA DE TECNOLOGIA DA INFORMACAO DO ESTADO DE MINAS GERAIS-PRODEM";"16.636.540/0001-04";"13/02/2026";"1";"22.827,00";"34";"19/02/2026";"24/02/2026";"22.827,00";"SIM";"O pagamento foi realizado em 12/02/2026, em vez de 11/02/2026, em decorrência de falha operacional ocorrida no processamento da despesa."
"2026";"1521";"CONTROLADORIA-GERAL DO ESTADO";"1520001";"04.124.003.4303.0001";"40";"SERVICOS DE TECNOLOGIA DA INFORMACAO E COMUNICACAO -  PESSOA JURIDICA";"3";"SERVICO DE INFORMATICA EXECUTADO PELA PRODEMGE";"10";"RECURSOS ORDINARIOS - RECURSOS NAO VINCULADOS DE IMPOSTOS";"14";"29/01/2026";"COMPANHIA DE TECNOLOGIA DA INFORMACAO DO ESTADO DE MINAS GERAIS-PRODEM";"16.636.540/0001-04";"19/02/2026";"1";"5.062,00";"35";"19/02/2026";"27/02/2026";"5.062,00";"SIM";"O pagamento foi efetuado no primeiro dia útil anterior ao vencimento, tendo em vista que 01/03/2026 ocorreu em final de semana e o SIAFI não realiza programação de pagamentos sem transmissão bancária."
"2026";"1521";"CONTROLADORIA-GERAL DO ESTADO";"1520001";"04.122.705.2500.0001";"37";"LOCACAO DE MAO-DE-OBRA";"4";"LOCACAO DE SERVICOS DE APOIO ADMINISTRATIVO REALIZADOS PELA MGS";"10";"RECURSOS ORDINARIOS - RECURSOS NAO VINCULADOS DE IMPOSTOS";"2";"29/01/2026";"MGS MINAS GERAIS ADMINISTRACAO E SERVICOS S/A";"33.224.254/0001-42";"26/02/2026";"2";"63.493,00";"36";"20/02/2026";"27/02/2026";"44.279,00";"NAO";""
"2026";"1521";"CONTROLADORIA-GERAL DO ESTADO";"1520001";"04.126.004.4314.0001";"40";"SERVICOS DE TECNOLOGIA DA INFORMACAO E COMUNICACAO -  PESSOA JURIDICA";"3";"SERVICO DE INFORMATICA EXECUTADO PELA PRODEMGE";"10";"RECURSOS ORDINARIOS - RECURSOS NAO VINCULADOS DE IMPOSTOS";"30";"29/01/2026";"COMPANHIA DE TECNOLOGIA DA INFORMACAO DO ESTADO DE MINAS GERAIS-PRODEM";"16.636.540/0001-04";"12/02/2026";"1";"3.397,00";"42";"20/02/2026";"24/02/2026";"3.397,00";"SIM";"O pagamento foi efetuado no primeiro dia útil posterior ao vencimento, tendo em vista que 22/02/2026 ocorreu em final de semana e o SIAFI não realiza programação de pagamentos sem transmissão bancária."
"2026";"1521";"CONTROLADORIA-GERAL DO ESTADO";"1520001";"04.126.004.4314.0001";"40";"SERVICOS DE TECNOLOGIA DA INFORMACAO E COMUNICACAO -  PESSOA JURIDICA";"3";"SERVICO DE INFORMATICA EXECUTADO PELA PRODEMGE";"10";"RECURSOS ORDINARIOS - RECURSOS NAO VINCULADOS DE IMPOSTOS";"30";"29/01/2026";"COMPANHIA DE TECNOLOGIA DA INFORMACAO DO ESTADO DE MINAS GERAIS-PRODEM";"16.636.540/0001-04";"12/02/2026";"2";"320,00";"43";"20/02/2026";"24/02/2026";"320,00";"SIM";"O pagamento foi efetuado no primeiro dia útil posterior ao vencimento, tendo em vista que 22/02/2026 ocorreu em final de semana e o SIAFI não realiza programação de pagamentos sem transmissão bancária."
"2026";"1521";"CONTROLADORIA-GERAL DO ESTADO";"1520001";"04.126.004.4314.0001";"40";"SERVICOS DE TECNOLOGIA DA INFORMACAO E COMUNICACAO -  PESSOA JURIDICA";"3";"SERVICO DE INFORMATICA EXECUTADO PELA PRODEMGE";"10";"RECURSOS ORDINARIOS - RECURSOS NAO VINCULADOS DE IMPOSTOS";"28";"29/01/2026";"COMPANHIA DE TECNOLOGIA DA INFORMACAO DO ESTADO DE MINAS GERAIS-PRODEM";"16.636.540/0001-04";"12/02/2026";"1";"1.225,00";"44";"20/02/2026";"24/02/2026";"1.225,00";"SIM";"O pagamento foi efetuado no primeiro dia útil posterior ao vencimento, tendo em vista que 22/02/2026 ocorreu em final de semana e o SIAFI não realiza programação de pagamentos sem transmissão bancária."
"2026";"1521";"CONTROLADORIA-GERAL DO ESTADO";"1520001";"04.124.001.4304.0001";"40";"SERVICOS DE TECNOLOGIA DA INFORMACAO E COMUNICACAO -  PESSOA JURIDICA";"2";"SERVICO DE TECNOLOGIA DA INFORMACAO";"10";"RECURSOS ORDINARIOS - RECURSOS NAO VINCULADOS DE IMPOSTOS";"46";"05/02/2026";"SERVICO FEDERAL DE PROCESSAMENTO DE DADOS (SERPRO)";"33.683.111/0001-07";"09/02/2026";"1";"6.012,00";"45";"23/02/2026";"27/02/2026";"5.724,00";"NAO";""
"2026";"1521";"CONTROLADORIA-GERAL DO ESTADO";"1520001";"04.122.705.2500.0001";"40";"SERVICOS DE TECNOLOGIA DA INFORMACAO E COMUNICACAO -  PESSOA JURIDICA";"3";"SERVICO DE INFORMATICA EXECUTADO PELA PRODEMGE";"10";"RECURSOS ORDINARIOS - RECURSOS NAO VINCULADOS DE IMPOSTOS";"4";"29/01/2026";"COMPANHIA DE TECNOLOGIA DA INFORMACAO DO ESTADO DE MINAS GERAIS-PRODEM";"16.636.540/0001-04";"25/02/2026";"1";"416,00";"47";"27/02/2026";"06/03/2026";"416,00";"SIM";"O pagamento foi efetuado no primeiro dia útil anterior ao vencimento, tendo em vista que 07/03/2026 ocorreu em final de semana e o SIAFI não realiza programação de pagamentos sem transmissão bancária."
"2026";"1521";"CONTROLADORIA-GERAL DO ESTADO";"1520001";"04.124.003.4303.0001";"40";"SERVICOS DE TECNOLOGIA DA INFORMACAO E COMUNICACAO -  PESSOA JURIDICA";"3";"SERVICO DE INFORMATICA EXECUTADO PELA PRODEMGE";"10";"RECURSOS ORDINARIOS - RECURSOS NAO VINCULADOS DE IMPOSTOS";"5";"29/01/2026";"COMPANHIA DE TECNOLOGIA DA INFORMACAO DO ESTADO DE MINAS GERAIS-PRODEM";"16.636.540/0001-04";"25/02/2026";"1";"956,00";"48";"27/02/2026";"06/03/2026";"956,00";"SIM";"O pagamento foi efetuado no primeiro dia útil anterior ao vencimento, tendo em vista que 07/03/2026 ocorreu em final de semana e o SIAFI não realiza programação de pagamentos sem transmissão bancária."
"2026";"1521";"CONTROLADORIA-GERAL DO ESTADO";"1520001";"04.124.001.4304.0001";"40";"SERVICOS DE TECNOLOGIA DA INFORMACAO E COMUNICACAO -  PESSOA JURIDICA";"3";"SERVICO DE INFORMATICA EXECUTADO PELA PRODEMGE";"10";"RECURSOS ORDINARIOS - RECURSOS NAO VINCULADOS DE IMPOSTOS";"9";"29/01/2026";"COMPANHIA DE TECNOLOGIA DA INFORMACAO DO ESTADO DE MINAS GERAIS-PRODEM";"16.636.540/0001-04";"25/02/2026";"1";"776,00";"49";"27/02/2026";"06/03/2026";"776,00";"SIM";"O pagamento foi efetuado no primeiro dia útil anterior ao vencimento, tendo em vista que 07/03/2026 ocorreu em final de semana e o SIAFI não realiza programação de pagamentos sem transmissão bancária."
"2026";"1521";"CONTROLADORIA-GERAL DO ESTADO";"1520001";"04.124.002.4309.0001";"40";"SERVICOS DE TECNOLOGIA DA INFORMACAO E COMUNICACAO -  PESSOA JURIDICA";"3";"SERVICO DE INFORMATICA EXECUTADO PELA PRODEMGE";"10";"RECURSOS ORDINARIOS - RECURSOS NAO VINCULADOS DE IMPOSTOS";"10";"29/01/2026";"COMPANHIA DE TECNOLOGIA DA INFORMACAO DO ESTADO DE MINAS GERAIS-PRODEM";"16.636.540/0001-04";"25/02/2026";"1";"5.600,00";"50";"27/02/2026";"09/03/2026";"5.600,00";"SIM";"O pagamento foi efetuado no primeiro dia útil posterior ao vencimento, tendo em vista que 07/03/2026 ocorreu em final de semana e o SIAFI não realiza programação de pagamentos sem transmissão bancária."
"2026";"1521";"CONTROLADORIA-GERAL DO ESTADO";"1520001";"04.124.003.4311.0001";"40";"SERVICOS DE TECNOLOGIA DA INFORMACAO E COMUNICACAO -  PESSOA JURIDICA";"3";"SERVICO DE INFORMATICA EXECUTADO PELA PRODEMGE";"10";"RECURSOS ORDINARIOS - RECURSOS NAO VINCULADOS DE IMPOSTOS";"11";"29/01/2026";"COMPANHIA DE TECNOLOGIA DA INFORMACAO DO ESTADO DE MINAS GERAIS-PRODEM";"16.636.540/0001-04";"25/02/2026";"1";"416,00";"51";"27/02/2026";"06/03/2026";"416,00";"SIM";"O pagamento foi efetuado no primeiro dia útil anterior ao vencimento, tendo em vista que 07/03/2026 ocorreu em final de semana e o SIAFI não realiza programação de pagamentos sem transmissão bancária."
"2026";"1521";"CONTROLADORIA-GERAL DO ESTADO";"1520001";"04.124.004.4313.0001";"40";"SERVICOS DE TECNOLOGIA DA INFORMACAO E COMUNICACAO -  PESSOA JURIDICA";"3";"SERVICO DE INFORMATICA EXECUTADO PELA PRODEMGE";"10";"RECURSOS ORDINARIOS - RECURSOS NAO VINCULADOS DE IMPOSTOS";"12";"29/01/2026";"COMPANHIA DE TECNOLOGIA DA INFORMACAO DO ESTADO DE MINAS GERAIS-PRODEM";"16.636.540/0001-04";"25/02/2026";"1";"596,00";"52";"27/02/2026";"06/03/2026";"596,00";"SIM";"O pagamento foi efetuado no primeiro dia útil anterior ao vencimento, tendo em vista que 07/03/2026 ocorreu em final de semana e o SIAFI não realiza programação de pagamentos sem transmissão bancária."
"2026";"1521";"CONTROLADORIA-GERAL DO ESTADO";"1520001";"04.124.002.4309.0001";"40";"SERVICOS DE TECNOLOGIA DA INFORMACAO E COMUNICACAO -  PESSOA JURIDICA";"3";"SERVICO DE INFORMATICA EXECUTADO PELA PRODEMGE";"95";"RECURSOS RECEBIDOS POR DANOS ADVINDOS DE DESASTRES SOCIOAMBIENTAIS";"50";"24/02/2026";"COMPANHIA DE TECNOLOGIA DA INFORMACAO DO ESTADO DE MINAS GERAIS-PRODEM";"16.636.540/0001-04";"25/02/2026";"1";"2.328,00";"54";"02/03/2026";"09/03/2026";"2.328,00";"SIM";"O pagamento foi efetuado no primeiro dia útil posterior ao vencimento, tendo em vista que 07/03/2026 ocorreu em final de semana e o SIAFI não realiza programação de pagamentos sem transmissão bancária."
"2026";"1521";"CONTROLADORIA-GERAL DO ESTADO";"1520001";"04.122.705.2500.0001";"37";"LOCACAO DE MAO-DE-OBRA";"4";"LOCACAO DE SERVICOS DE APOIO ADMINISTRATIVO REALIZADOS PELA MGS";"10";"RECURSOS ORDINARIOS - RECURSOS NAO VINCULADOS DE IMPOSTOS";"2";"29/01/2026";"MGS MINAS GERAIS ADMINISTRACAO E SERVICOS S/A";"33.224.254/0001-42";"03/02/2026";"1";"53.567,00";"59";"02/03/2026";"09/03/2026";"52.637,00";"NAO";""
"2026";"1521";"CONTROLADORIA-GERAL DO ESTADO";"1520001";"04.122.705.2500.0001";"39";"OUTROS SERVICOS DE TERCEIROS - PESSOA JURIDICA";"17";"LOCACAO DE VEICULOS";"10";"RECURSOS ORDINARIOS - RECURSOS NAO VINCULADOS DE IMPOSTOS";"1";"28/01/2026";"CS BRASIL FROTAS S.A.";"27.595.780/0001-16";"05/02/2026";"1";"3.728,00";"63";"09/03/2026";"11/03/2026";"3.728,00";"SIM";"O pagamento foi efetuado no primeiro dia útil posterior ao vencimento, tendo em vista que 07/03/2026 ocorreu em final de semana e o SIAFI não realiza programação de pagamentos sem transmissão bancária."
"2026";"1521";"CONTROLADORIA-GERAL DO ESTADO";"1520001";"04.124.003.4303.0001";"40";"SERVICOS DE TECNOLOGIA DA INFORMACAO E COMUNICACAO -  PESSOA JURIDICA";"2";"SERVICO DE TECNOLOGIA DA INFORMACAO";"10";"RECURSOS ORDINARIOS - RECURSOS NAO VINCULADOS DE IMPOSTOS";"32";"29/01/2026";"SERVICO FEDERAL DE PROCESSAMENTO DE DADOS (SERPRO)";"33.683.111/0001-07";"02/03/2026";"2";"712,00";"65";"09/03/2026";"02/04/2026";"677,00";"SIM";"O pagamento foi realizado em 02/04/2026, em vez de 03/04/2026, em decorrência de falha operacional ocorrida no processamento da despesa."
"2026";"1521";"CONTROLADORIA-GERAL DO ESTADO";"1520001";"04.124.001.4304.0001";"40";"SERVICOS DE TECNOLOGIA DA INFORMACAO E COMUNICACAO -  PESSOA JURIDICA";"2";"SERVICO DE TECNOLOGIA DA INFORMACAO";"10";"RECURSOS ORDINARIOS - RECURSOS NAO VINCULADOS DE IMPOSTOS";"46";"05/02/2026";"SERVICO FEDERAL DE PROCESSAMENTO DE DADOS (SERPRO)";"33.683.111/0001-07";"04/03/2026";"2";"6.012,00";"77";"11/03/2026";"06/04/2026";"5.724,00";"NAO";""
"2026";"1521";"CONTROLADORIA-GERAL DO ESTADO";"1520001";"04.122.705.2500.0001";"39";"OUTROS SERVICOS DE TERCEIROS - PESSOA JURIDICA";"17";"LOCACAO DE VEICULOS";"10";"RECURSOS ORDINARIOS - RECURSOS NAO VINCULADOS DE IMPOSTOS";"1";"28/01/2026";"CS BRASIL FROTAS S.A.";"27.595.780/0001-16";"10/03/2026";"2";"3.728,00";"78";"11/03/2026";"10/04/2026";"3.728,00";"SIM";"O pagamento foi realizado em 10/04/2026, em vez de 09/04/2026, em decorrência de falha operacional ocorrida no processamento da despesa."
"2026";"1521";"CONTROLADORIA-GERAL DO ESTADO";"1520001";"04.126.004.4314.0001";"40";"SERVICOS DE TECNOLOGIA DA INFORMACAO E COMUNICACAO -  PESSOA JURIDICA";"3";"SERVICO DE INFORMATICA EXECUTADO PELA PRODEMGE";"10";"RECURSOS ORDINARIOS - RECURSOS NAO VINCULADOS DE IMPOSTOS";"28";"29/01/2026";"COMPANHIA DE TECNOLOGIA DA INFORMACAO DO ESTADO DE MINAS GERAIS-PRODEM";"16.636.540/0001-04";"17/03/2026";"2";"1.225,00";"85";"20/03/2026";"27/03/2026";"1.225,00";"NAO";""
"2026";"1521";"CONTROLADORIA-GERAL DO ESTADO";"1520001";"04.124.004.4313.0001";"40";"SERVICOS DE TECNOLOGIA DA INFORMACAO E COMUNICACAO -  PESSOA JURIDICA";"3";"SERVICO DE INFORMATICA EXECUTADO PELA PRODEMGE";"10";"RECURSOS ORDINARIOS - RECURSOS NAO VINCULADOS DE IMPOSTOS";"12";"29/01/2026";"COMPANHIA DE TECNOLOGIA DA INFORMACAO DO ESTADO DE MINAS GERAIS-PRODEM";"16.636.540/0001-04";"17/03/2026";"2";"596,00";"86";"20/03/2026";"27/03/2026";"596,00";"NAO";""
"2026";"1521";"CONTROLADORIA-GERAL DO ESTADO";"1520001";"04.124.002.4309.0001";"40";"SERVICOS DE TECNOLOGIA DA INFORMACAO E COMUNICACAO -  PESSOA JURIDICA";"3";"SERVICO DE INFORMATICA EXECUTADO PELA PRODEMGE";"10";"RECURSOS ORDINARIOS - RECURSOS NAO VINCULADOS DE IMPOSTOS";"10";"29/01/2026";"COMPANHIA DE TECNOLOGIA DA INFORMACAO DO ESTADO DE MINAS GERAIS-PRODEM";"16.636.540/0001-04";"17/03/2026";"2";"5.600,00";"87";"20/03/2026";"27/03/2026";"5.600,00";"NAO";""
"2026";"1521";"CONTROLADORIA-GERAL DO ESTADO";"1520001";"04.124.003.4311.0001";"40";"SERVICOS DE TECNOLOGIA DA INFORMACAO E COMUNICACAO -  PESSOA JURIDICA";"3";"SERVICO DE INFORMATICA EXECUTADO PELA PRODEMGE";"10";"RECURSOS ORDINARIOS - RECURSOS NAO VINCULADOS DE IMPOSTOS";"11";"29/01/2026";"COMPANHIA DE TECNOLOGIA DA INFORMACAO DO ESTADO DE MINAS GERAIS-PRODEM";"16.636.540/0001-04";"17/03/2026";"2";"416,00";"88";"20/03/2026";"27/03/2026";"416,00";"NAO";""
"2026";"1521";"CONTROLADORIA-GERAL DO ESTADO";"1520001";"04.124.001.4304.0001";"40";"SERVICOS DE TECNOLOGIA DA INFORMACAO E COMUNICACAO -  PESSOA JURIDICA";"3";"SERVICO DE INFORMATICA EXECUTADO PELA PRODEMGE";"10";"RECURSOS ORDINARIOS - RECURSOS NAO VINCULADOS DE IMPOSTOS";"9";"29/01/2026";"COMPANHIA DE TECNOLOGIA DA INFORMACAO DO ESTADO DE MINAS GERAIS-PRODEM";"16.636.540/0001-04";"17/03/2026";"2";"776,00";"89";"20/03/2026";"27/03/2026";"776,00";"NAO";""
"2026";"1521";"CONTROLADORIA-GERAL DO ESTADO";"1520001";"04.124.003.4303.0001";"40";"SERVICOS DE TECNOLOGIA DA INFORMACAO E COMUNICACAO -  PESSOA JURIDICA";"3";"SERVICO DE INFORMATICA EXECUTADO PELA PRODEMGE";"10";"RECURSOS ORDINARIOS - RECURSOS NAO VINCULADOS DE IMPOSTOS";"5";"29/01/2026";"COMPANHIA DE TECNOLOGIA DA INFORMACAO DO ESTADO DE MINAS GERAIS-PRODEM";"16.636.540/0001-04";"17/03/2026";"2";"956,00";"90";"20/03/2026";"30/03/2026";"956,00";"SIM";"O pagamento foi realizado em 30/03/2026, em vez de 27/03/2026, em decorrência de falha operacional ocorrida no processamento da despesa."
"2026";"1521";"CONTROLADORIA-GERAL DO ESTADO";"1520001";"04.122.705.2500.0001";"40";"SERVICOS DE TECNOLOGIA DA INFORMACAO E COMUNICACAO -  PESSOA JURIDICA";"3";"SERVICO DE INFORMATICA EXECUTADO PELA PRODEMGE";"10";"RECURSOS ORDINARIOS - RECURSOS NAO VINCULADOS DE IMPOSTOS";"4";"29/01/2026";"COMPANHIA DE TECNOLOGIA DA INFORMACAO DO ESTADO DE MINAS GERAIS-PRODEM";"16.636.540/0001-04";"17/03/2026";"2";"416,00";"91";"20/03/2026";"27/03/2026";"416,00";"NAO";""
"2026";"1521";"CONTROLADORIA-GERAL DO ESTADO";"1520001";"04.124.003.4303.0001";"40";"SERVICOS DE TECNOLOGIA DA INFORMACAO E COMUNICACAO -  PESSOA JURIDICA";"3";"SERVICO DE INFORMATICA EXECUTADO PELA PRODEMGE";"10";"RECURSOS ORDINARIOS - RECURSOS NAO VINCULADOS DE IMPOSTOS";"31";"29/01/2026";"COMPANHIA DE TECNOLOGIA DA INFORMACAO DO ESTADO DE MINAS GERAIS-PRODEM";"16.636.540/0001-04";"17/03/2026";"2";"125,00";"93";"20/03/2026";"30/03/2026";"125,00";"SIM";"O pagamento foi realizado em 30/03/2026, em vez de 27/03/2026, em decorrência de falha operacional ocorrida no processamento da despesa."
"2026";"1521";"CONTROLADORIA-GERAL DO ESTADO";"1520001";"04.126.004.4314.0001";"40";"SERVICOS DE TECNOLOGIA DA INFORMACAO E COMUNICACAO -  PESSOA JURIDICA";"3";"SERVICO DE INFORMATICA EXECUTADO PELA PRODEMGE";"10";"RECURSOS ORDINARIOS - RECURSOS NAO VINCULADOS DE IMPOSTOS";"30";"29/01/2026";"COMPANHIA DE TECNOLOGIA DA INFORMACAO DO ESTADO DE MINAS GERAIS-PRODEM";"16.636.540/0001-04";"17/03/2026";"3";"320,00";"94";"20/03/2026";"27/03/2026";"320,00";"NAO";""
"2026";"1521";"CONTROLADORIA-GERAL DO ESTADO";"1520001";"04.126.004.4314.0001";"40";"SERVICOS DE TECNOLOGIA DA INFORMACAO E COMUNICACAO -  PESSOA JURIDICA";"3";"SERVICO DE INFORMATICA EXECUTADO PELA PRODEMGE";"10";"RECURSOS ORDINARIOS - RECURSOS NAO VINCULADOS DE IMPOSTOS";"30";"29/01/2026";"COMPANHIA DE TECNOLOGIA DA INFORMACAO DO ESTADO DE MINAS GERAIS-PRODEM";"16.636.540/0001-04";"17/03/2026";"4";"3.397,00";"95";"20/03/2026";"27/03/2026";"3.397,00";"NAO";""
"2026";"1521";"CONTROLADORIA-GERAL DO ESTADO";"1520001";"04.124.002.4309.0001";"40";"SERVICOS DE TECNOLOGIA DA INFORMACAO E COMUNICACAO -  PESSOA JURIDICA";"3";"SERVICO DE INFORMATICA EXECUTADO PELA PRODEMGE";"95";"RECURSOS RECEBIDOS POR DANOS ADVINDOS DE DESASTRES SOCIOAMBIENTAIS";"50";"24/02/2026";"COMPANHIA DE TECNOLOGIA DA INFORMACAO DO ESTADO DE MINAS GERAIS-PRODEM";"16.636.540/0001-04";"17/03/2026";"2";"2.328,00";"97";"23/03/2026";"27/03/2026";"2.328,00";"NAO";""
"2026";"1521";"CONTROLADORIA-GERAL DO ESTADO";"1520001";"04.124.001.4304.0001";"40";"SERVICOS DE TECNOLOGIA DA INFORMACAO E COMUNICACAO -  PESSOA JURIDICA";"2";"SERVICO DE TECNOLOGIA DA INFORMACAO";"10";"RECURSOS ORDINARIOS - RECURSOS NAO VINCULADOS DE IMPOSTOS";"46";"05/02/2026";"SERVICO FEDERAL DE PROCESSAMENTO DE DADOS (SERPRO)";"33.683.111/0001-07";"27/03/2026";"3";"6.012,00";"106";"09/04/2026";"06/05/2026";"5.724,00";"NAO";""
"2026";"1521";"CONTROLADORIA-GERAL DO ESTADO";"1520001";"04.122.705.2500.0001";"39";"OUTROS SERVICOS DE TERCEIROS - PESSOA JURIDICA";"17";"LOCACAO DE VEICULOS";"10";"RECURSOS ORDINARIOS - RECURSOS NAO VINCULADOS DE IMPOSTOS";"1";"28/01/2026";"CS BRASIL FROTAS S.A.";"27.595.780/0001-16";"07/04/2026";"3";"3.894,00";"107";"09/04/2026";"07/05/2026";"3.894,00";"NAO";""
"2026";"1521";"CONTROLADORIA-GERAL DO ESTADO";"1520001";"04.122.705.2500.0001";"39";"OUTROS SERVICOS DE TERCEIROS - PESSOA JURIDICA";"17";"LOCACAO DE VEICULOS";"10";"RECURSOS ORDINARIOS - RECURSOS NAO VINCULADOS DE IMPOSTOS";"1";"28/01/2026";"CS BRASIL FROTAS S.A.";"27.595.780/0001-16";"07/04/2026";"4";"160,00";"108";"09/04/2026";"07/05/2026";"160,00";"NAO";""
"2026";"1521";"CONTROLADORIA-GERAL DO ESTADO";"1520001";"04.126.004.4314.0001";"40";"SERVICOS DE TECNOLOGIA DA INFORMACAO E COMUNICACAO -  PESSOA JURIDICA";"2";"SERVICO DE TECNOLOGIA DA INFORMACAO";"10";"RECURSOS ORDINARIOS - RECURSOS NAO VINCULADOS DE IMPOSTOS";"48";"12/02/2026";"CLM SOFTWARE COMERCIO IMPORTACAO E EXPORTACAO LTDA.";"02.092.332/0001-79";"04/03/2026";"1";"85.781,00";"111";"10/04/2026";"14/04/2026";"85.781,00";"SIM";"O pagamento foi realizado em 14/04/2026 em razão da limitação financeira disponível. A cota extra foi autorizada em 10/04/2026 e, diante da necessidade de quitação de obrigações prioritárias já vencidas, o pagamento desta despesa ocorreu posteriormente."
"2026";"1521";"CONTROLADORIA-GERAL DO ESTADO";"1520001";"04.124.001.4304.0001";"40";"SERVICOS DE TECNOLOGIA DA INFORMACAO E COMUNICACAO -  PESSOA JURIDICA";"3";"SERVICO DE INFORMATICA EXECUTADO PELA PRODEMGE";"10";"RECURSOS ORDINARIOS - RECURSOS NAO VINCULADOS DE IMPOSTOS";"29";"29/01/2026";"COMPANHIA DE TECNOLOGIA DA INFORMACAO DO ESTADO DE MINAS GERAIS-PRODEM";"16.636.540/0001-04";"17/03/2026";"2";"22.827,00";"112";"10/04/2026";"15/04/2026";"22.827,00";"SIM";"O pagamento foi realizado em 15/04/2026 em razão da limitação financeira disponível. A cota extra foi autorizada em 10/04/2026 e, diante da necessidade de quitação de obrigações prioritárias já vencidas, o pagamento desta despesa ocorreu posteriormente."
"2026";"1521";"CONTROLADORIA-GERAL DO ESTADO";"1520001";"04.124.003.4303.0001";"40";"SERVICOS DE TECNOLOGIA DA INFORMACAO E COMUNICACAO -  PESSOA JURIDICA";"3";"SERVICO DE INFORMATICA EXECUTADO PELA PRODEMGE";"10";"RECURSOS ORDINARIOS - RECURSOS NAO VINCULADOS DE IMPOSTOS";"14";"29/01/2026";"COMPANHIA DE TECNOLOGIA DA INFORMACAO DO ESTADO DE MINAS GERAIS-PRODEM";"16.636.540/0001-04";"23/03/2026";"2";"5.062,00";"113";"10/04/2026";"16/04/2026";"5.062,00";"SIM";"O pagamento foi realizado em 16/04/2026 em razão da limitação financeira disponível. A cota extra foi autorizada em 10/04/2026 e, diante da necessidade de quitação de obrigações prioritárias já vencidas, o pagamento desta despesa ocorreu posteriormente."
"2026";"1521";"CONTROLADORIA-GERAL DO ESTADO";"1520001";"04.122.705.2500.0001";"37";"LOCACAO DE MAO-DE-OBRA";"4";"LOCACAO DE SERVICOS DE APOIO ADMINISTRATIVO REALIZADOS PELA MGS";"10";"RECURSOS ORDINARIOS - RECURSOS NAO VINCULADOS DE IMPOSTOS";"2";"29/01/2026";"MGS MINAS GERAIS ADMINISTRACAO E SERVICOS S/A";"33.224.254/0001-42";"24/03/2026";"3";"51.923,00";"117";"14/04/2026";"17/04/2026";"42.894,00";"NAO";""
"2026";"1521";"CONTROLADORIA-GERAL DO ESTADO";"1520001";"04.124.003.4303.0001";"40";"SERVICOS DE TECNOLOGIA DA INFORMACAO E COMUNICACAO -  PESSOA JURIDICA";"2";"SERVICO DE TECNOLOGIA DA INFORMACAO";"10";"RECURSOS ORDINARIOS - RECURSOS NAO VINCULADOS DE IMPOSTOS";"32";"29/01/2026";"SERVICO FEDERAL DE PROCESSAMENTO DE DADOS (SERPRO)";"33.683.111/0001-07";"17/04/2026";"3";"712,00";"124";"22/04/2026";"08/05/2026";"677,00";"NAO";""
"2026";"1521";"CONTROLADORIA-GERAL DO ESTADO";"1520001";"04.122.705.2500.0001";"40";"SERVICOS DE TECNOLOGIA DA INFORMACAO E COMUNICACAO -  PESSOA JURIDICA";"2";"SERVICO DE TECNOLOGIA DA INFORMACAO";"10";"RECURSOS ORDINARIOS - RECURSOS NAO VINCULADOS DE IMPOSTOS";"47";"05/02/2026";"GLOBALSEC TECNOLOGIA DA INFORMACAO LTDA";"43.690.572/0001-52";"16/04/2026";"1";"55,00";"128";"22/04/2026";"15/05/2026";"55,00";"SIM";"O pagamento foi efetuado no primeiro dia útil anterior ao vencimento, tendo em vista que 16/05/2026 ocorreu em final de semana e o SIAFI não realiza programação de pagamentos sem transmissão bancária."
"2026";"1521";"CONTROLADORIA-GERAL DO ESTADO";"1520001";"04.124.001.4304.0001";"40";"SERVICOS DE TECNOLOGIA DA INFORMACAO E COMUNICACAO -  PESSOA JURIDICA";"3";"SERVICO DE INFORMATICA EXECUTADO PELA PRODEMGE";"10";"RECURSOS ORDINARIOS - RECURSOS NAO VINCULADOS DE IMPOSTOS";"29";"29/01/2026";"COMPANHIA DE TECNOLOGIA DA INFORMACAO DO ESTADO DE MINAS GERAIS-PRODEM";"16.636.540/0001-04";"17/04/2026";"3";"22.827,00";"153";"12/05/2026";"18/05/2026";"22.827,00";"SIM";"O pagamento foi realizado em 13/05/2026 em razão da limitação financeira disponível. A cota extra foi autorizada em 11/05/2026 e, diante da necessidade de quitação de obrigações prioritárias já vencidas, o pagamento desta despesa ocorreu posteriormente."
"2026";"1521";"CONTROLADORIA-GERAL DO ESTADO";"1520001";"04.126.004.4314.0001";"40";"SERVICOS DE TECNOLOGIA DA INFORMACAO E COMUNICACAO -  PESSOA JURIDICA";"3";"SERVICO DE INFORMATICA EXECUTADO PELA PRODEMGE";"10";"RECURSOS ORDINARIOS - RECURSOS NAO VINCULADOS DE IMPOSTOS";"30";"29/01/2026";"COMPANHIA DE TECNOLOGIA DA INFORMACAO DO ESTADO DE MINAS GERAIS-PRODEM";"16.636.540/0001-04";"22/04/2026";"5";"320,00";"154";"12/05/2026";"15/05/2026";"320,00";"SIM";"O pagamento foi realizado em 13/05/2026 em razão da limitação financeira disponível. A cota extra foi autorizada em 11/05/2026 e, diante da necessidade de quitação de obrigações prioritárias já vencidas, o pagamento desta despesa ocorreu posteriormente."
"2026";"1521";"CONTROLADORIA-GERAL DO ESTADO";"1520001";"04.126.004.4314.0001";"40";"SERVICOS DE TECNOLOGIA DA INFORMACAO E COMUNICACAO -  PESSOA JURIDICA";"3";"SERVICO DE INFORMATICA EXECUTADO PELA PRODEMGE";"10";"RECURSOS ORDINARIOS - RECURSOS NAO VINCULADOS DE IMPOSTOS";"30";"29/01/2026";"COMPANHIA DE TECNOLOGIA DA INFORMACAO DO ESTADO DE MINAS GERAIS-PRODEM";"16.636.540/0001-04";"22/04/2026";"6";"3.397,00";"155";"12/05/2026";"15/05/2026";"3.397,00";"SIM";"O pagamento foi realizado em 13/05/2026 em razão da limitação financeira disponível. A cota extra foi autorizada em 11/05/2026 e, diante da necessidade de quitação de obrigações prioritárias já vencidas, o pagamento desta despesa ocorreu posteriormente."
"2026";"1521";"CONTROLADORIA-GERAL DO ESTADO";"1520001";"04.126.004.4314.0001";"40";"SERVICOS DE TECNOLOGIA DA INFORMACAO E COMUNICACAO -  PESSOA JURIDICA";"3";"SERVICO DE INFORMATICA EXECUTADO PELA PRODEMGE";"10";"RECURSOS ORDINARIOS - RECURSOS NAO VINCULADOS DE IMPOSTOS";"28";"29/01/2026";"COMPANHIA DE TECNOLOGIA DA INFORMACAO DO ESTADO DE MINAS GERAIS-PRODEM";"16.636.540/0001-04";"22/04/2026";"3";"1.225,00";"156";"12/05/2026";"15/05/2026";"1.225,00";"SIM";"O pagamento foi realizado em 13/05/2026 em razão da limitação financeira disponível. A cota extra foi autorizada em 11/05/2026 e, diante da necessidade de quitação de obrigações prioritárias já vencidas, o pagamento desta despesa ocorreu posteriormente."
"2026";"1521";"CONTROLADORIA-GERAL DO ESTADO";"1520001";"04.124.003.4303.0001";"40";"SERVICOS DE TECNOLOGIA DA INFORMACAO E COMUNICACAO -  PESSOA JURIDICA";"3";"SERVICO DE INFORMATICA EXECUTADO PELA PRODEMGE";"10";"RECURSOS ORDINARIOS - RECURSOS NAO VINCULADOS DE IMPOSTOS";"14";"29/01/2026";"COMPANHIA DE TECNOLOGIA DA INFORMACAO DO ESTADO DE MINAS GERAIS-PRODEM";"16.636.540/0001-04";"23/04/2026";"3";"5.062,00";"157";"12/05/2026";"19/05/2026";"5.062,00";"SIM";"O pagamento foi realizado em 13/05/2026 em razão da limitação financeira disponível. A cota extra foi autorizada em 11/05/2026 e, diante da necessidade de quitação de obrigações prioritárias já vencidas, o pagamento desta despesa ocorreu posteriormente."
"2026";"1521";"CONTROLADORIA-GERAL DO ESTADO";"1520001";"04.122.705.2500.0001";"40";"SERVICOS DE TECNOLOGIA DA INFORMACAO E COMUNICACAO -  PESSOA JURIDICA";"3";"SERVICO DE INFORMATICA EXECUTADO PELA PRODEMGE";"10";"RECURSOS ORDINARIOS - RECURSOS NAO VINCULADOS DE IMPOSTOS";"4";"29/01/2026";"COMPANHIA DE TECNOLOGIA DA INFORMACAO DO ESTADO DE MINAS GERAIS-PRODEM";"16.636.540/0001-04";"24/04/2026";"3";"416,00";"158";"12/05/2026";"15/05/2026";"416,00";"SIM";"O pagamento foi realizado em 13/05/2026 em razão da limitação financeira disponível. A cota extra foi autorizada em 11/05/2026 e, diante da necessidade de quitação de obrigações prioritárias já vencidas, o pagamento desta despesa ocorreu posteriormente."
"2026";"1521";"CONTROLADORIA-GERAL DO ESTADO";"1520001";"04.124.004.4313.0001";"40";"SERVICOS DE TECNOLOGIA DA INFORMACAO E COMUNICACAO -  PESSOA JURIDICA";"3";"SERVICO DE INFORMATICA EXECUTADO PELA PRODEMGE";"10";"RECURSOS ORDINARIOS - RECURSOS NAO VINCULADOS DE IMPOSTOS";"12";"29/01/2026";"COMPANHIA DE TECNOLOGIA DA INFORMACAO DO ESTADO DE MINAS GERAIS-PRODEM";"16.636.540/0001-04";"24/04/2026";"3";"596,00";"160";"12/05/2026";"15/05/2026";"596,00";"SIM";"O pagamento foi realizado em 13/05/2026 em razão da limitação financeira disponível. A cota extra foi autorizada em 11/05/2026 e, diante da necessidade de quitação de obrigações prioritárias já vencidas, o pagamento desta despesa ocorreu posteriormente."
"2026";"1521";"CONTROLADORIA-GERAL DO ESTADO";"1520001";"04.124.003.4311.0001";"40";"SERVICOS DE TECNOLOGIA DA INFORMACAO E COMUNICACAO -  PESSOA JURIDICA";"3";"SERVICO DE INFORMATICA EXECUTADO PELA PRODEMGE";"10";"RECURSOS ORDINARIOS - RECURSOS NAO VINCULADOS DE IMPOSTOS";"11";"29/01/2026";"COMPANHIA DE TECNOLOGIA DA INFORMACAO DO ESTADO DE MINAS GERAIS-PRODEM";"16.636.540/0001-04";"24/04/2026";"3";"416,00";"161";"12/05/2026";"14/05/2026";"416,00";"SIM";"O pagamento foi realizado em 13/05/2026 em razão da limitação financeira disponível. A cota extra foi autorizada em 11/05/2026 e, diante da necessidade de quitação de obrigações prioritárias já vencidas, o pagamento desta despesa ocorreu posteriormente."
"2026";"1521";"CONTROLADORIA-GERAL DO ESTADO";"1520001";"04.124.003.4303.0001";"40";"SERVICOS DE TECNOLOGIA DA INFORMACAO E COMUNICACAO -  PESSOA JURIDICA";"3";"SERVICO DE INFORMATICA EXECUTADO PELA PRODEMGE";"10";"RECURSOS ORDINARIOS - RECURSOS NAO VINCULADOS DE IMPOSTOS";"31";"29/01/2026";"COMPANHIA DE TECNOLOGIA DA INFORMACAO DO ESTADO DE MINAS GERAIS-PRODEM";"16.636.540/0001-04";"22/04/2026";"3";"127,00";"162";"12/05/2026";"19/05/2026";"127,00";"SIM";"O pagamento foi realizado em 13/05/2026 em razão da limitação financeira disponível. A cota extra foi autorizada em 11/05/2026 e, diante da necessidade de quitação de obrigações prioritárias já vencidas, o pagamento desta despesa ocorreu posteriormente."
"2026";"1521";"CONTROLADORIA-GERAL DO ESTADO";"1520001";"04.124.001.4304.0001";"40";"SERVICOS DE TECNOLOGIA DA INFORMACAO E COMUNICACAO -  PESSOA JURIDICA";"3";"SERVICO DE INFORMATICA EXECUTADO PELA PRODEMGE";"10";"RECURSOS ORDINARIOS - RECURSOS NAO VINCULADOS DE IMPOSTOS";"9";"29/01/2026";"COMPANHIA DE TECNOLOGIA DA INFORMACAO DO ESTADO DE MINAS GERAIS-PRODEM";"16.636.540/0001-04";"24/04/2026";"3";"1.732,00";"163";"12/05/2026";"18/05/2026";"1.732,00";"SIM";"O pagamento foi realizado em 13/05/2026 em razão da limitação financeira disponível. A cota extra foi autorizada em 11/05/2026 e, diante da necessidade de quitação de obrigações prioritárias já vencidas, o pagamento desta despesa ocorreu posteriormente."
"2026";"1521";"CONTROLADORIA-GERAL DO ESTADO";"1520001";"04.124.002.4309.0001";"40";"SERVICOS DE TECNOLOGIA DA INFORMACAO E COMUNICACAO -  PESSOA JURIDICA";"3";"SERVICO DE INFORMATICA EXECUTADO PELA PRODEMGE";"10";"RECURSOS ORDINARIOS - RECURSOS NAO VINCULADOS DE IMPOSTOS";"10";"29/01/2026";"COMPANHIA DE TECNOLOGIA DA INFORMACAO DO ESTADO DE MINAS GERAIS-PRODEM";"16.636.540/0001-04";"24/04/2026";"3";"4.644,00";"164";"12/05/2026";"19/05/2026";"4.644,00";"SIM";"O pagamento foi realizado em 13/05/2026 em razão da limitação financeira disponível. A cota extra foi autorizada em 11/05/2026 e, diante da necessidade de quitação de obrigações prioritárias já vencidas, o pagamento desta despesa ocorreu posteriormente."
"2026";"1521";"CONTROLADORIA-GERAL DO ESTADO";"1520001";"04.122.705.2500.0001";"40";"SERVICOS DE TECNOLOGIA DA INFORMACAO E COMUNICACAO -  PESSOA JURIDICA";"2";"SERVICO DE TECNOLOGIA DA INFORMACAO";"10";"RECURSOS ORDINARIOS - RECURSOS NAO VINCULADOS DE IMPOSTOS";"47";"05/02/2026";"GLOBALSEC TECNOLOGIA DA INFORMACAO LTDA";"43.690.572/0001-52";"22/04/2026";"2";"165,00";"169";"12/05/2026";"22/05/2026";"165,00";"NAO";""
"2026";"1521";"CONTROLADORIA-GERAL DO ESTADO";"1520001";"04.122.705.2500.0001";"37";"LOCACAO DE MAO-DE-OBRA";"4";"LOCACAO DE SERVICOS DE APOIO ADMINISTRATIVO REALIZADOS PELA MGS";"10";"RECURSOS ORDINARIOS - RECURSOS NAO VINCULADOS DE IMPOSTOS";"68";"16/04/2026";"MGS MINAS GERAIS ADMINISTRACAO E SERVICOS S/A";"33.224.254/0001-42";"23/04/2026";"1";"58.454,00";"172";"12/05/2026";"18/05/2026";"48.438,00";"NAO";""
"2026";"1521";"CONTROLADORIA-GERAL DO ESTADO";"1520001";"04.124.001.4304.0001";"40";"SERVICOS DE TECNOLOGIA DA INFORMACAO E COMUNICACAO -  PESSOA JURIDICA";"2";"SERVICO DE TECNOLOGIA DA INFORMACAO";"10";"RECURSOS ORDINARIOS - RECURSOS NAO VINCULADOS DE IMPOSTOS";"46";"05/02/2026";"SERVICO FEDERAL DE PROCESSAMENTO DE DADOS (SERPRO)";"33.683.111/0001-07";"06/05/2026";"4";"6.012,00";"176";"13/05/2026";"08/06/2026";"5.724,00";"NAO";""
"2026";"1521";"CONTROLADORIA-GERAL DO ESTADO";"1520001";"04.124.003.4303.0001";"40";"SERVICOS DE TECNOLOGIA DA INFORMACAO E COMUNICACAO -  PESSOA JURIDICA";"2";"SERVICO DE TECNOLOGIA DA INFORMACAO";"10";"RECURSOS ORDINARIOS - RECURSOS NAO VINCULADOS DE IMPOSTOS";"32";"29/01/2026";"SERVICO FEDERAL DE PROCESSAMENTO DE DADOS (SERPRO)";"33.683.111/0001-07";"30/04/2026";"4";"712,00";"177";"13/05/2026";"03/06/2026";"677,00";"NAO";""
"2026";"1521";"CONTROLADORIA-GERAL DO ESTADO";"1520001";"04.122.705.2500.0001";"39";"OUTROS SERVICOS DE TERCEIROS - PESSOA JURIDICA";"17";"LOCACAO DE VEICULOS";"10";"RECURSOS ORDINARIOS - RECURSOS NAO VINCULADOS DE IMPOSTOS";"1";"28/01/2026";"CS BRASIL FROTAS S.A.";"27.595.780/0001-16";"12/05/2026";"5";"3.894,00";"179";"13/05/2026";"12/06/2026";"3.894,00";"NAO";""
"2026";"1521";"CONTROLADORIA-GERAL DO ESTADO";"1520001";"04.124.003.4303.0001";"40";"SERVICOS DE TECNOLOGIA DA INFORMACAO E COMUNICACAO -  PESSOA JURIDICA";"3";"SERVICO DE INFORMATICA EXECUTADO PELA PRODEMGE";"10";"RECURSOS ORDINARIOS - RECURSOS NAO VINCULADOS DE IMPOSTOS";"5";"29/01/2026";"COMPANHIA DE TECNOLOGIA DA INFORMACAO DO ESTADO DE MINAS GERAIS-PRODEM";"16.636.540/0001-04";"24/04/2026";"3";"956,00";"180";"13/05/2026";"19/05/2026";"956,00";"SIM";"O pagamento foi realizado em 13/05/2026 em razão da limitação financeira disponível. A cota extra foi autorizada em 11/05/2026 e, diante da necessidade de quitação de obrigações prioritárias já vencidas, o pagamento desta despesa ocorreu posteriormente."
"2026";"1521";"CONTROLADORIA-GERAL DO ESTADO";"1520001";"04.124.002.4309.0001";"40";"SERVICOS DE TECNOLOGIA DA INFORMACAO E COMUNICACAO -  PESSOA JURIDICA";"3";"SERVICO DE INFORMATICA EXECUTADO PELA PRODEMGE";"95";"RECURSOS RECEBIDOS POR DANOS ADVINDOS DE DESASTRES SOCIOAMBIENTAIS";"50";"24/02/2026";"COMPANHIA DE TECNOLOGIA DA INFORMACAO DO ESTADO DE MINAS GERAIS-PRODEM";"16.636.540/0001-04";"24/04/2026";"3";"2.328,00";"184";"15/05/2026";"19/05/2026";"2.328,00";"SIM";"O pagamento foi realizado em 13/05/2026 em razão da limitação financeira disponível. A cota extra foi autorizada em 11/05/2026 e, diante da necessidade de quitação de obrigações prioritárias já vencidas, o pagamento desta despesa ocorreu posteriormente."
"2026";"1521";"CONTROLADORIA-GERAL DO ESTADO";"1520001";"04.124.001.4304.0001";"40";"SERVICOS DE TECNOLOGIA DA INFORMACAO E COMUNICACAO -  PESSOA JURIDICA";"3";"SERVICO DE INFORMATICA EXECUTADO PELA PRODEMGE";"10";"RECURSOS ORDINARIOS - RECURSOS NAO VINCULADOS DE IMPOSTOS";"29";"29/01/2026";"COMPANHIA DE TECNOLOGIA DA INFORMACAO DO ESTADO DE MINAS GERAIS-PRODEM";"16.636.540/0001-04";"13/05/2026";"4";"22.827,00";"189";"20/05/2026";"02/06/2026";"22.827,00";"NAO";""
"2026";"1521";"CONTROLADORIA-GERAL DO ESTADO";"1520001";"04.124.003.4303.0001";"40";"SERVICOS DE TECNOLOGIA DA INFORMACAO E COMUNICACAO -  PESSOA JURIDICA";"3";"SERVICO DE INFORMATICA EXECUTADO PELA PRODEMGE";"10";"RECURSOS ORDINARIOS - RECURSOS NAO VINCULADOS DE IMPOSTOS";"14";"29/01/2026";"COMPANHIA DE TECNOLOGIA DA INFORMACAO DO ESTADO DE MINAS GERAIS-PRODEM";"16.636.540/0001-04";"14/05/2026";"4";"5.062,00";"190";"20/05/2026";"08/06/2026";"5.062,00";"SIM";"O pagamento foi realizado em 08/06/2026 em razão da limitação financeira disponível. Diante da necessidade de quitação de obrigações prioritárias já vencidas, o pagamento desta despesa ocorreu posteriormente."
"2026";"1521";"CONTROLADORIA-GERAL DO ESTADO";"1520001";"04.126.004.4314.0001";"40";"SERVICOS DE TECNOLOGIA DA INFORMACAO E COMUNICACAO -  PESSOA JURIDICA";"3";"SERVICO DE INFORMATICA EXECUTADO PELA PRODEMGE";"10";"RECURSOS ORDINARIOS - RECURSOS NAO VINCULADOS DE IMPOSTOS";"30";"29/01/2026";"COMPANHIA DE TECNOLOGIA DA INFORMACAO DO ESTADO DE MINAS GERAIS-PRODEM";"16.636.540/0001-04";"14/05/2026";"7";"320,00";"192";"20/05/2026";"27/05/2026";"320,00";"SIM";"O pagamento foi realizado em 27/05/2026, em vez de 25/05/2026, em decorrência de falha operacional ocorrida no processamento da despesa."
"2026";"1521";"CONTROLADORIA-GERAL DO ESTADO";"1520001";"04.126.004.4314.0001";"40";"SERVICOS DE TECNOLOGIA DA INFORMACAO E COMUNICACAO -  PESSOA JURIDICA";"3";"SERVICO DE INFORMATICA EXECUTADO PELA PRODEMGE";"10";"RECURSOS ORDINARIOS - RECURSOS NAO VINCULADOS DE IMPOSTOS";"30";"29/01/2026";"COMPANHIA DE TECNOLOGIA DA INFORMACAO DO ESTADO DE MINAS GERAIS-PRODEM";"16.636.540/0001-04";"14/05/2026";"8";"3.397,00";"193";"20/05/2026";"27/05/2026";"3.397,00";"SIM";"O pagamento foi realizado em 27/05/2026, em vez de 25/05/2026, em decorrência de falha operacional ocorrida no processamento da despesa."
"2026";"1521";"CONTROLADORIA-GERAL DO ESTADO";"1520001";"04.124.003.4303.0001";"40";"SERVICOS DE TECNOLOGIA DA INFORMACAO E COMUNICACAO -  PESSOA JURIDICA";"3";"SERVICO DE INFORMATICA EXECUTADO PELA PRODEMGE";"10";"RECURSOS ORDINARIOS - RECURSOS NAO VINCULADOS DE IMPOSTOS";"31";"29/01/2026";"COMPANHIA DE TECNOLOGIA DA INFORMACAO DO ESTADO DE MINAS GERAIS-PRODEM";"16.636.540/0001-04";"21/05/2026";"4";"162,00";"197";"27/05/2026";"08/06/2026";"162,00";"SIM";"O pagamento foi realizado em 08/06/2026 em razão da limitação financeira disponível. Diante da necessidade de quitação de obrigações prioritárias já vencidas, o pagamento desta despesa ocorreu posteriormente."
"2026";"1521";"CONTROLADORIA-GERAL DO ESTADO";"1520001";"04.126.004.4314.0001";"40";"SERVICOS DE TECNOLOGIA DA INFORMACAO E COMUNICACAO -  PESSOA JURIDICA";"3";"SERVICO DE INFORMATICA EXECUTADO PELA PRODEMGE";"10";"RECURSOS ORDINARIOS - RECURSOS NAO VINCULADOS DE IMPOSTOS";"28";"29/01/2026";"COMPANHIA DE TECNOLOGIA DA INFORMACAO DO ESTADO DE MINAS GERAIS-PRODEM";"16.636.540/0001-04";"21/05/2026";"4";"1.225,00";"198";"27/05/2026";"03/06/2026";"1.225,00";"NAO";""
"2026";"1521";"CONTROLADORIA-GERAL DO ESTADO";"1520001";"04.124.003.4303.0001";"40";"SERVICOS DE TECNOLOGIA DA INFORMACAO E COMUNICACAO -  PESSOA JURIDICA";"3";"SERVICO DE INFORMATICA EXECUTADO PELA PRODEMGE";"10";"RECURSOS ORDINARIOS - RECURSOS NAO VINCULADOS DE IMPOSTOS";"5";"29/01/2026";"COMPANHIA DE TECNOLOGIA DA INFORMACAO DO ESTADO DE MINAS GERAIS-PRODEM";"16.636.540/0001-04";"26/05/2026";"4";"956,00";"199";"27/05/2026";"08/06/2026";"956,00";"SIM";"O pagamento foi realizado em 08/06/2026 em razão da limitação financeira disponível. Diante da necessidade de quitação de obrigações prioritárias já vencidas, o pagamento desta despesa ocorreu posteriormente."
"2026";"1521";"CONTROLADORIA-GERAL DO ESTADO";"1520001";"04.122.705.2500.0001";"40";"SERVICOS DE TECNOLOGIA DA INFORMACAO E COMUNICACAO -  PESSOA JURIDICA";"3";"SERVICO DE INFORMATICA EXECUTADO PELA PRODEMGE";"10";"RECURSOS ORDINARIOS - RECURSOS NAO VINCULADOS DE IMPOSTOS";"4";"29/01/2026";"COMPANHIA DE TECNOLOGIA DA INFORMACAO DO ESTADO DE MINAS GERAIS-PRODEM";"16.636.540/0001-04";"26/05/2026";"4";"416,00";"200";"27/05/2026";"03/06/2026";"416,00";"NAO";""
"2026";"1521";"CONTROLADORIA-GERAL DO ESTADO";"1520001";"04.124.004.4313.0001";"40";"SERVICOS DE TECNOLOGIA DA INFORMACAO E COMUNICACAO -  PESSOA JURIDICA";"3";"SERVICO DE INFORMATICA EXECUTADO PELA PRODEMGE";"10";"RECURSOS ORDINARIOS - RECURSOS NAO VINCULADOS DE IMPOSTOS";"12";"29/01/2026";"COMPANHIA DE TECNOLOGIA DA INFORMACAO DO ESTADO DE MINAS GERAIS-PRODEM";"16.636.540/0001-04";"26/05/2026";"4";"596,00";"201";"27/05/2026";"03/06/2026";"596,00";"NAO";""
"2026";"1521";"CONTROLADORIA-GERAL DO ESTADO";"1520001";"04.124.003.4311.0001";"40";"SERVICOS DE TECNOLOGIA DA INFORMACAO E COMUNICACAO -  PESSOA JURIDICA";"3";"SERVICO DE INFORMATICA EXECUTADO PELA PRODEMGE";"10";"RECURSOS ORDINARIOS - RECURSOS NAO VINCULADOS DE IMPOSTOS";"11";"29/01/2026";"COMPANHIA DE TECNOLOGIA DA INFORMACAO DO ESTADO DE MINAS GERAIS-PRODEM";"16.636.540/0001-04";"26/05/2026";"4";"416,00";"202";"27/05/2026";"03/06/2026";"416,00";"NAO";""
"2026";"1521";"CONTROLADORIA-GERAL DO ESTADO";"1520001";"04.124.002.4309.0001";"40";"SERVICOS DE TECNOLOGIA DA INFORMACAO E COMUNICACAO -  PESSOA JURIDICA";"3";"SERVICO DE INFORMATICA EXECUTADO PELA PRODEMGE";"10";"RECURSOS ORDINARIOS - RECURSOS NAO VINCULADOS DE IMPOSTOS";"10";"29/01/2026";"COMPANHIA DE TECNOLOGIA DA INFORMACAO DO ESTADO DE MINAS GERAIS-PRODEM";"16.636.540/0001-04";"26/05/2026";"4";"4.554,00";"203";"27/05/2026";"05/06/2026";"4.554,00";"NAO";""
"2026";"1521";"CONTROLADORIA-GERAL DO ESTADO";"1520001";"04.124.001.4304.0001";"40";"SERVICOS DE TECNOLOGIA DA INFORMACAO E COMUNICACAO -  PESSOA JURIDICA";"3";"SERVICO DE INFORMATICA EXECUTADO PELA PRODEMGE";"10";"RECURSOS ORDINARIOS - RECURSOS NAO VINCULADOS DE IMPOSTOS";"9";"29/01/2026";"COMPANHIA DE TECNOLOGIA DA INFORMACAO DO ESTADO DE MINAS GERAIS-PRODEM";"16.636.540/0001-04";"26/05/2026";"4";"1.912,00";"204";"27/05/2026";"03/06/2026";"1.912,00";"NAO";""
"2026";"1521";"CONTROLADORIA-GERAL DO ESTADO";"1520001";"04.124.002.4309.0001";"40";"SERVICOS DE TECNOLOGIA DA INFORMACAO E COMUNICACAO -  PESSOA JURIDICA";"3";"SERVICO DE INFORMATICA EXECUTADO PELA PRODEMGE";"95";"RECURSOS RECEBIDOS POR DANOS ADVINDOS DE DESASTRES SOCIOAMBIENTAIS";"50";"24/02/2026";"COMPANHIA DE TECNOLOGIA DA INFORMACAO DO ESTADO DE MINAS GERAIS-PRODEM";"16.636.540/0001-04";"26/05/2026";"4";"2.328,00";"208";"29/05/2026";"05/06/2026";"2.328,00";"NAO";""
"2026";"1521";"CONTROLADORIA-GERAL DO ESTADO";"1520001";"04.122.705.2500.0001";"30";"MATERIAL DE CONSUMO";"26";"COMBUSTIVEIS E LUBRIFICANTES PARA VEICULOS AUTOMOTORES";"10";"RECURSOS ORDINARIOS - RECURSOS NAO VINCULADOS DE IMPOSTOS";"83";"22/05/2026";"VIBRA ENERGIA S.A";"34.274.233/0025-71";"16/06/2026";"1";"5.866,00";"252";"19/06/2026";"26/06/2026";"5.852,00";"SIM";"O pagamento foi realizado em 26/06/2026, em vez de 12/07/2026, data do vencimento do boleto, em decorrência de falha operacional ocorrida no processamento da despesa."
"2026";"1521";"CONTROLADORIA-GERAL DO ESTADO";"1520001";"04.122.705.2500.0001";"37";"LOCACAO DE MAO-DE-OBRA";"4";"LOCACAO DE SERVICOS DE APOIO ADMINISTRATIVO REALIZADOS PELA MGS";"10";"RECURSOS ORDINARIOS - RECURSOS NAO VINCULADOS DE IMPOSTOS";"68";"16/04/2026";"MGS MINAS GERAIS ADMINISTRACAO E SERVICOS S/A";"33.224.254/0001-42";"02/06/2026";"2";"58.049,00";"227";"11/06/2026";"15/06/2026";"47.980,00";"NAO";""
"2026";"1521";"CONTROLADORIA-GERAL DO ESTADO";"1520001";"04.122.705.2500.0001";"39";"OUTROS SERVICOS DE TERCEIROS - PESSOA JURIDICA";"17";"LOCACAO DE VEICULOS";"10";"RECURSOS ORDINARIOS - RECURSOS NAO VINCULADOS DE IMPOSTOS";"1";"28/01/2026";"CS BRASIL FROTAS S.A.";"27.595.780/0001-16";"08/06/2026";"6";"3.894,00";"232";"15/06/2026";"13/07/2026";"3.894,00";"SIM";"O pagamento foi realizado em 13/07/2026, em vez de 08/07/2026, em decorrência de falha operacional ocorrida no processamento da despesa."
"2026";"1521";"CONTROLADORIA-GERAL DO ESTADO";"1520001";"04.122.705.2500.0001";"40";"SERVICOS DE TECNOLOGIA DA INFORMACAO E COMUNICACAO -  PESSOA JURIDICA";"3";"SERVICO DE INFORMATICA EXECUTADO PELA PRODEMGE";"10";"RECURSOS ORDINARIOS - RECURSOS NAO VINCULADOS DE IMPOSTOS";"4";"29/01/2026";"COMPANHIA DE TECNOLOGIA DA INFORMACAO DO ESTADO DE MINAS GERAIS-PRODEM";"16.636.540/0001-04";"17/06/2026";"5";"416,00";"249";"19/06/2026";"26/06/2026";"416,00";"NAO";""
"2026";"1521";"CONTROLADORIA-GERAL DO ESTADO";"1520001";"04.124.001.4304.0001";"40";"SERVICOS DE TECNOLOGIA DA INFORMACAO E COMUNICACAO -  PESSOA JURIDICA";"2";"SERVICO DE TECNOLOGIA DA INFORMACAO";"10";"RECURSOS ORDINARIOS - RECURSOS NAO VINCULADOS DE IMPOSTOS";"46";"05/02/2026";"SERVICO FEDERAL DE PROCESSAMENTO DE DADOS (SERPRO)";"33.683.111/0001-07";"01/06/2026";"5";"6.012,00";"212";"09/06/2026";"01/07/2026";"5.724,00";"NAO";""
"2026";"1521";"CONTROLADORIA-GERAL DO ESTADO";"1520001";"04.124.001.4304.0001";"40";"SERVICOS DE TECNOLOGIA DA INFORMACAO E COMUNICACAO -  PESSOA JURIDICA";"2";"SERVICO DE TECNOLOGIA DA INFORMACAO";"10";"RECURSOS ORDINARIOS - RECURSOS NAO VINCULADOS DE IMPOSTOS";"65";"08/04/2026";"SERVICO FEDERAL DE PROCESSAMENTO DE DADOS (SERPRO)";"33.683.111/0001-07";"02/06/2026";"1";"1.181,00";"213";"09/06/2026";"03/07/2026";"1.124,00";"NAO";""
"2026";"1521";"CONTROLADORIA-GERAL DO ESTADO";"1520001";"04.124.001.4304.0001";"40";"SERVICOS DE TECNOLOGIA DA INFORMACAO E COMUNICACAO -  PESSOA JURIDICA";"3";"SERVICO DE INFORMATICA EXECUTADO PELA PRODEMGE";"10";"RECURSOS ORDINARIOS - RECURSOS NAO VINCULADOS DE IMPOSTOS";"29";"29/01/2026";"COMPANHIA DE TECNOLOGIA DA INFORMACAO DO ESTADO DE MINAS GERAIS-PRODEM";"16.636.540/0001-04";"16/06/2026";"5";"22.827,00";"250";"19/06/2026";"26/06/2026";"22.827,00";"NAO";""
"2026";"1521";"CONTROLADORIA-GERAL DO ESTADO";"1520001";"04.124.001.4304.0001";"40";"SERVICOS DE TECNOLOGIA DA INFORMACAO E COMUNICACAO -  PESSOA JURIDICA";"3";"SERVICO DE INFORMATICA EXECUTADO PELA PRODEMGE";"10";"RECURSOS ORDINARIOS - RECURSOS NAO VINCULADOS DE IMPOSTOS";"9";"29/01/2026";"COMPANHIA DE TECNOLOGIA DA INFORMACAO DO ESTADO DE MINAS GERAIS-PRODEM";"16.636.540/0001-04";"17/06/2026";"5";"1.912,00";"244";"19/06/2026";"26/06/2026";"1.912,00";"NAO";""
"2026";"1521";"CONTROLADORIA-GERAL DO ESTADO";"1520001";"04.124.002.4309.0001";"40";"SERVICOS DE TECNOLOGIA DA INFORMACAO E COMUNICACAO -  PESSOA JURIDICA";"3";"SERVICO DE INFORMATICA EXECUTADO PELA PRODEMGE";"95";"RECURSOS RECEBIDOS POR DANOS ADVINDOS DE DESASTRES SOCIOAMBIENTAIS";"50";"24/02/2026";"COMPANHIA DE TECNOLOGIA DA INFORMACAO DO ESTADO DE MINAS GERAIS-PRODEM";"16.636.540/0001-04";"17/06/2026";"5";"6.972,00";"255";"22/06/2026";"30/06/2026";"6.972,00";"NAO";"O pagamento foi realizado em 30/06/2026 em razão da limitação financeira disponível. Diante da necessidade de quitação de obrigações prioritárias já vencidas, o pagamento desta despesa ocorreu posteriormente."
"2026";"1521";"CONTROLADORIA-GERAL DO ESTADO";"1520001";"04.124.003.4303.0001";"40";"SERVICOS DE TECNOLOGIA DA INFORMACAO E COMUNICACAO -  PESSOA JURIDICA";"2";"SERVICO DE TECNOLOGIA DA INFORMACAO";"10";"RECURSOS ORDINARIOS - RECURSOS NAO VINCULADOS DE IMPOSTOS";"32";"29/01/2026";"SERVICO FEDERAL DE PROCESSAMENTO DE DADOS (SERPRO)";"33.683.111/0001-07";"09/06/2026";"5";"712,00";"216";"09/06/2026";"03/07/2026";"677,00";"NAO";""
"2026";"1521";"CONTROLADORIA-GERAL DO ESTADO";"1520001";"04.124.003.4303.0001";"40";"SERVICOS DE TECNOLOGIA DA INFORMACAO E COMUNICACAO -  PESSOA JURIDICA";"3";"SERVICO DE INFORMATICA EXECUTADO PELA PRODEMGE";"10";"RECURSOS ORDINARIOS - RECURSOS NAO VINCULADOS DE IMPOSTOS";"14";"29/01/2026";"COMPANHIA DE TECNOLOGIA DA INFORMACAO DO ESTADO DE MINAS GERAIS-PRODEM";"16.636.540/0001-04";"16/06/2026";"5";"5.062,00";"240";"19/06/2026";"26/06/2026";"5.062,00";"NAO";""
"2026";"1521";"CONTROLADORIA-GERAL DO ESTADO";"1520001";"04.124.003.4303.0001";"40";"SERVICOS DE TECNOLOGIA DA INFORMACAO E COMUNICACAO -  PESSOA JURIDICA";"3";"SERVICO DE INFORMATICA EXECUTADO PELA PRODEMGE";"10";"RECURSOS ORDINARIOS - RECURSOS NAO VINCULADOS DE IMPOSTOS";"31";"29/01/2026";"COMPANHIA DE TECNOLOGIA DA INFORMACAO DO ESTADO DE MINAS GERAIS-PRODEM";"16.636.540/0001-04";"19/06/2026";"5";"539,00";"254";"19/06/2026";"30/06/2026";"539,00";"NAO";""
"2026";"1521";"CONTROLADORIA-GERAL DO ESTADO";"1520001";"04.124.003.4303.0001";"40";"SERVICOS DE TECNOLOGIA DA INFORMACAO E COMUNICACAO -  PESSOA JURIDICA";"3";"SERVICO DE INFORMATICA EXECUTADO PELA PRODEMGE";"10";"RECURSOS ORDINARIOS - RECURSOS NAO VINCULADOS DE IMPOSTOS";"5";"29/01/2026";"COMPANHIA DE TECNOLOGIA DA INFORMACAO DO ESTADO DE MINAS GERAIS-PRODEM";"16.636.540/0001-04";"17/06/2026";"5";"956,00";"241";"19/06/2026";"26/06/2026";"956,00";"NAO";""
"2026";"1521";"CONTROLADORIA-GERAL DO ESTADO";"1520001";"04.124.003.4311.0001";"40";"SERVICOS DE TECNOLOGIA DA INFORMACAO E COMUNICACAO -  PESSOA JURIDICA";"3";"SERVICO DE INFORMATICA EXECUTADO PELA PRODEMGE";"10";"RECURSOS ORDINARIOS - RECURSOS NAO VINCULADOS DE IMPOSTOS";"11";"29/01/2026";"COMPANHIA DE TECNOLOGIA DA INFORMACAO DO ESTADO DE MINAS GERAIS-PRODEM";"16.636.540/0001-04";"17/06/2026";"5";"416,00";"245";"19/06/2026";"26/06/2026";"416,00";"NAO";""
"2026";"1521";"CONTROLADORIA-GERAL DO ESTADO";"1520001";"04.124.004.4313.0001";"40";"SERVICOS DE TECNOLOGIA DA INFORMACAO E COMUNICACAO -  PESSOA JURIDICA";"3";"SERVICO DE INFORMATICA EXECUTADO PELA PRODEMGE";"10";"RECURSOS ORDINARIOS - RECURSOS NAO VINCULADOS DE IMPOSTOS";"12";"29/01/2026";"COMPANHIA DE TECNOLOGIA DA INFORMACAO DO ESTADO DE MINAS GERAIS-PRODEM";"16.636.540/0001-04";"17/06/2026";"5";"596,00";"246";"19/06/2026";"26/06/2026";"596,00";"NAO";""
"2026";"1521";"CONTROLADORIA-GERAL DO ESTADO";"1520001";"04.126.004.4314.0001";"40";"SERVICOS DE TECNOLOGIA DA INFORMACAO E COMUNICACAO -  PESSOA JURIDICA";"3";"SERVICO DE INFORMATICA EXECUTADO PELA PRODEMGE";"10";"RECURSOS ORDINARIOS - RECURSOS NAO VINCULADOS DE IMPOSTOS";"28";"29/01/2026";"COMPANHIA DE TECNOLOGIA DA INFORMACAO DO ESTADO DE MINAS GERAIS-PRODEM";"16.636.540/0001-04";"16/06/2026";"5";"1.225,00";"243";"19/06/2026";"26/06/2026";"1.225,00";"NAO";""
"2026";"1521";"CONTROLADORIA-GERAL DO ESTADO";"1520001";"04.126.004.4314.0001";"40";"SERVICOS DE TECNOLOGIA DA INFORMACAO E COMUNICACAO -  PESSOA JURIDICA";"3";"SERVICO DE INFORMATICA EXECUTADO PELA PRODEMGE";"10";"RECURSOS ORDINARIOS - RECURSOS NAO VINCULADOS DE IMPOSTOS";"30";"29/01/2026";"COMPANHIA DE TECNOLOGIA DA INFORMACAO DO ESTADO DE MINAS GERAIS-PRODEM";"16.636.540/0001-04";"16/06/2026";"9";"3.397,00";"247";"19/06/2026";"26/06/2026";"3.397,00";"NAO";""
"2026";"1521";"CONTROLADORIA-GERAL DO ESTADO";"1520001";"04.126.004.4314.0001";"40";"SERVICOS DE TECNOLOGIA DA INFORMACAO E COMUNICACAO -  PESSOA JURIDICA";"3";"SERVICO DE INFORMATICA EXECUTADO PELA PRODEMGE";"10";"RECURSOS ORDINARIOS - RECURSOS NAO VINCULADOS DE IMPOSTOS";"30";"29/01/2026";"COMPANHIA DE TECNOLOGIA DA INFORMACAO DO ESTADO DE MINAS GERAIS-PRODEM";"16.636.540/0001-04";"16/06/2026";"10";"320,00";"248";"19/06/2026";"26/06/2026";"320,00";"NAO";""